<NotepadPlus>
    <InternalCommands>
        <Shortcut id="42023" Ctrl="yes" Alt="no" Shift="no" Key="191" />
        <Shortcut id="42036" Ctrl="no" Alt="no" Shift="no" Key="0" />
        <Shortcut id="42026" Ctrl="no" Alt="no" Shift="no" Key="0" />
        <Shortcut id="42027" Ctrl="no" Alt="no" Shift="no" Key="0" />
        <Shortcut id="42035" Ctrl="no" Alt="no" Shift="no" Key="0" />
        <Shortcut id="42047" Ctrl="yes" Alt="no" Shift="yes" Key="191" />
    </InternalCommands>
    <Macros>
        <Macro name="Trim Trailing and save" Ctrl="no" Alt="yes" Shift="yes" Key="83">
            <Action type="2" message="0" wParam="42024" lParam="0" sParam="" />
            <Action type="2" message="0" wParam="41006" lParam="0" sParam="" />
        </Macro>
    </Macros>
    <UserDefinedCommands>
        <Command name="Launch in Firefox" Ctrl="yes" Alt="yes" Shift="yes" Key="88">firefox &quot;$(FULL_CURRENT_PATH)&quot;</Command>
        <Command name="Launch in IE" Ctrl="yes" Alt="yes" Shift="yes" Key="73">iexplore &quot;$(FULL_CURRENT_PATH)&quot;</Command>
        <Command name="Launch in Chrome" Ctrl="yes" Alt="yes" Shift="yes" Key="82">chrome &quot;$(FULL_CURRENT_PATH)&quot;</Command>
        <Command name="Launch in Safari" Ctrl="yes" Alt="yes" Shift="yes" Key="70">safari &quot;$(FULL_CURRENT_PATH)&quot;</Command>
        <Command name="Get php help" Ctrl="no" Alt="yes" Shift="no" Key="112">http://www.php.net/$(CURRENT_WORD)</Command>
        <Command name="Google Search" Ctrl="no" Alt="yes" Shift="no" Key="113">https://www.google.com/search?q=$(CURRENT_WORD)</Command>
        <Command name="Wikipedia Search" Ctrl="no" Alt="yes" Shift="no" Key="114">https://en.wikipedia.org/wiki/Special:Search?search=$(CURRENT_WORD)</Command>
        <Command name="Open file" Ctrl="no" Alt="yes" Shift="no" Key="116">$(NPP_DIRECTORY)\notepad++.exe $(CURRENT_WORD)</Command>
        <Command name="Open in another instance" Ctrl="no" Alt="yes" Shift="no" Key="117">$(NPP_DIRECTORY)\notepad++.exe $(CURRENT_WORD) -nosession -multiInst</Command>
        <Command name="Send via Outlook" Ctrl="yes" Alt="yes" Shift="yes" Key="79">outlook /a &quot;$(FULL_CURRENT_PATH)&quot;</Command>
    </UserDefinedCommands>
    <PluginCommands>
        <PluginCommand moduleName="NppExec.dll" internalID="22" Ctrl="yes" Alt="yes" Shift="no" Key="76" />
        <PluginCommand moduleName="NppExec.dll" internalID="23" Ctrl="yes" Alt="yes" Shift="no" Key="80" />
        <PluginCommand moduleName="NppExec.dll" internalID="3" Ctrl="yes" Alt="no" Shift="yes" Key="192" />
        <PluginCommand moduleName="ComparePlugin.dll" internalID="1" Ctrl="no" Alt="no" Shift="no" Key="0" />
    </PluginCommands>
    <ScintillaKeys>
        <ScintKey ScintID="2333" menuCmdID="44023" Ctrl="yes" Alt="no" Shift="no" Key="187" />
        <ScintKey ScintID="2334" menuCmdID="44024" Ctrl="yes" Alt="no" Shift="no" Key="189" />
        <ScintKey ScintID="2373" menuCmdID="44033" Ctrl="yes" Alt="no" Shift="no" Key="48" />
    </ScintillaKeys>
</NotepadPlus>
